Data as of,Year,Education Level,Race or Hispanic Origin,Sex,Age Group,Total Deaths,COVID-19 Deaths
12/01/2021,2019,High school graduate/GED or less,Hispanic,Female,0-24 years,3733,0
12/01/2021,2019,High school graduate/GED or less,Hispanic,Female,25-39 years,2534,0
12/01/2021,2019,High school graduate/GED or less,Hispanic,Female,40-54 years,5677,0
12/01/2021,2019,High school graduate/GED or less,Hispanic,Female,55-64 years,7769,0
12/01/2021,2019,High school graduate/GED or less,Hispanic,Female,65-74 years,11702,0
12/01/2021,2019,High school graduate/GED or less,Hispanic,Female,75 years and over,41416,0
12/01/2021,2019,High school graduate/GED or less,Non-Hispanic American Indian or Alaska Native,Female,0-24 years,299,0
12/01/2021,2019,High school graduate/GED or less,Non-Hispanic American Indian or Alaska Native,Female,25-39 years,461,0
12/01/2021,2019,High school graduate/GED or less,Non-Hispanic American Indian or Alaska Native,Female,40-54 years,717,0
12/01/2021,2019,High school graduate/GED or less,Non-Hispanic American Indian or Alaska Native,Female,55-64 years,856,0
12/01/2021,2019,High school graduate/GED or less,Non-Hispanic American Indian or Alaska Native,Female,65-74 years,954,0
12/01/2021,2019,High school graduate/GED or less,Non-Hispanic American Indian or Alaska Native,Female,75 years and over,2203,0
12/01/2021,2019,High school graduate/GED or less,Non-Hispanic Asian,Female,0-24 years,474,0
12/01/2021,2019,High school graduate/GED or less,Non-Hispanic Asian,Female,25-39 years,224,0
12/01/2021,2019,High school graduate/GED or less,Non-Hispanic Asian,Female,40-54 years,761,0
12/01/2021,2019,High school graduate/GED or less,Non-Hispanic Asian,Female,55-64 years,1459,0
12/01/2021,2019,High school graduate/GED or less,Non-Hispanic Asian,Female,65-74 years,2837,0
12/01/2021,2019,High school graduate/GED or less,Non-Hispanic Asian,Female,75 years and over,15129,0
12/01/2021,2019,High school graduate/GED or less,Non-Hispanic Black,Female,0-24 years,4571,0
12/01/2021,2019,High school graduate/GED or less,Non-Hispanic Black,Female,25-39 years,3824,0
12/01/2021,2019,High school graduate/GED or less,Non-Hispanic Black,Female,40-54 years,9154,0
12/01/2021,2019,High school graduate/GED or less,Non-Hispanic Black,Female,55-64 years,15952,0
12/01/2021,2019,High school graduate/GED or less,Non-Hispanic Black,Female,65-74 years,20001,0
12/01/2021,2019,High school graduate/GED or less,Non-Hispanic Black,Female,75 years and over,54452,0
12/01/2021,2019,High school graduate/GED or less,Non-Hispanic More than one race,Female,0-24 years,562,0
12/01/2021,2019,High school graduate/GED or less,Non-Hispanic More than one race,Female,25-39 years,240,0
12/01/2021,2019,High school graduate/GED or less,Non-Hispanic More than one race,Female,40-54 years,307,0
12/01/2021,2019,High school graduate/GED or less,Non-Hispanic More than one race,Female,55-64 years,435,0
12/01/2021,2019,High school graduate/GED or less,Non-Hispanic More than one race,Female,65-74 years,551,0
12/01/2021,2019,High school graduate/GED or less,Non-Hispanic More than one race,Female,75 years and over,1523,0
12/01/2021,2019,High school graduate/GED or less,Non-Hispanic Native Hawaiian or Other Pacific Islander,Female,0-24 years,61,0
12/01/2021,2019,High school graduate/GED or less,Non-Hispanic Native Hawaiian or Other Pacific Islander,Female,25-39 years,62,0
12/01/2021,2019,High school graduate/GED or less,Non-Hispanic Native Hawaiian or Other Pacific Islander,Female,40-54 years,119,0
12/01/2021,2019,High school graduate/GED or less,Non-Hispanic Native Hawaiian or Other Pacific Islander,Female,55-64 years,179,0
12/01/2021,2019,High school graduate/GED or less,Non-Hispanic Native Hawaiian or Other Pacific Islander,Female,65-74 years,243,0
12/01/2021,2019,High school graduate/GED or less,Non-Hispanic Native Hawaiian or Other Pacific Islander,Female,75 years and over,401,0
12/01/2021,2019,High school graduate/GED or less,Non-Hispanic White,Female,0-24 years,8021,0
12/01/2021,2019,High school graduate/GED or less,Non-Hispanic White,Female,25-39 years,10616,0
12/01/2021,2019,High school graduate/GED or less,Non-Hispanic White,Female,40-54 years,26435,0
12/01/2021,2019,High school graduate/GED or less,Non-Hispanic White,Female,55-64 years,58785,0
12/01/2021,2019,High school graduate/GED or less,Non-Hispanic White,Female,65-74 years,99117,0
12/01/2021,2019,High school graduate/GED or less,Non-Hispanic White,Female,75 years and over,473557,0
12/01/2021,2019,High school graduate/GED or less,Unknown,Female,0-24 years,70,0
12/01/2021,2019,High school graduate/GED or less,Unknown,Female,25-39 years,32,0
12/01/2021,2019,High school graduate/GED or less,Unknown,Female,40-54 years,64,0
12/01/2021,2019,High school graduate/GED or less,Unknown,Female,55-64 years,112,0
12/01/2021,2019,High school graduate/GED or less,Unknown,Female,65-74 years,149,0
12/01/2021,2019,High school graduate/GED or less,Unknown,Female,75 years and over,437,0
12/01/2021,2019,Unknown,Hispanic,Female,0-24 years,278,0
12/01/2021,2019,Unknown,Hispanic,Female,25-39 years,41,0
12/01/2021,2019,Unknown,Hispanic,Female,40-54 years,154,0
12/01/2021,2019,Unknown,Hispanic,Female,55-64 years,231,0
12/01/2021,2019,Unknown,Hispanic,Female,65-74 years,309,0
12/01/2021,2019,Unknown,Hispanic,Female,75 years and over,1110,0
12/01/2021,2019,Unknown,Non-Hispanic Black,Male,65-74 years,1421,0
12/01/2021,2019,Unknown,Non-Hispanic American Indian or Alaska Native,Female,0-24 years,24,0
12/01/2021,2019,Unknown,Non-Hispanic American Indian or Alaska Native,Female,25-39 years,4,0
12/01/2021,2019,Unknown,Non-Hispanic American Indian or Alaska Native,Female,40-54 years,16,0
12/01/2021,2019,Unknown,Non-Hispanic American Indian or Alaska Native,Female,55-64 years,17,0
12/01/2021,2019,Unknown,Non-Hispanic American Indian or Alaska Native,Female,65-74 years,19,0
12/01/2021,2019,Unknown,Non-Hispanic American Indian or Alaska Native,Female,75 years and over,50,0
12/01/2021,2019,Unknown,Non-Hispanic Asian,Female,0-24 years,36,0
12/01/2021,2019,Unknown,Non-Hispanic Asian,Female,25-39 years,4,0
12/01/2021,2019,Unknown,Non-Hispanic Asian,Female,40-54 years,31,0
12/01/2021,2019,Unknown,Non-Hispanic Asian,Female,55-64 years,82,0
12/01/2021,2019,Unknown,Non-Hispanic Asian,Female,65-74 years,149,0
12/01/2021,2019,Unknown,Non-Hispanic Asian,Female,75 years and over,596,0
12/01/2021,2019,Unknown,Non-Hispanic Black,Female,0-24 years,301,0
12/01/2021,2019,Unknown,Non-Hispanic Black,Female,25-39 years,90,0
12/01/2021,2019,Unknown,Non-Hispanic Black,Female,40-54 years,246,0
12/01/2021,2019,Unknown,Non-Hispanic Black,Female,55-64 years,444,0
12/01/2021,2019,Unknown,Non-Hispanic Black,Female,65-74 years,527,0
12/01/2021,2019,Unknown,Non-Hispanic Black,Female,75 years and over,1205,0
12/01/2021,2019,Unknown,Non-Hispanic More than one race,Female,0-24 years,47,0
12/01/2021,2019,Unknown,Non-Hispanic More than one race,Female,25-39 years,1,0
12/01/2021,2019,Unknown,Non-Hispanic More than one race,Female,40-54 years,6,0
12/01/2021,2019,Unknown,Non-Hispanic More than one race,Female,55-64 years,7,0
12/01/2021,2019,Unknown,Non-Hispanic More than one race,Female,65-74 years,12,0
12/01/2021,2019,Unknown,Non-Hispanic More than one race,Female,75 years and over,29,0
12/01/2021,2019,Unknown,Non-Hispanic Native Hawaiian or Other Pacific Islander,Female,0-24 years,3,0
12/01/2021,2019,Unknown,Non-Hispanic Native Hawaiian or Other Pacific Islander,Female,40-54 years,2,0
12/01/2021,2019,Unknown,Non-Hispanic Native Hawaiian or Other Pacific Islander,Female,55-64 years,2,0
12/01/2021,2019,Unknown,Non-Hispanic Native Hawaiian or Other Pacific Islander,Female,65-74 years,7,0
12/01/2021,2019,Unknown,Non-Hispanic Native Hawaiian or Other Pacific Islander,Female,75 years and over,15,0
12/01/2021,2019,Unknown,Non-Hispanic White,Female,0-24 years,547,0
12/01/2021,2019,Unknown,Non-Hispanic White,Female,25-39 years,236,0
12/01/2021,2019,Unknown,Non-Hispanic White,Female,40-54 years,804,0
12/01/2021,2019,Unknown,Non-Hispanic White,Female,55-64 years,1764,0
12/01/2021,2019,Unknown,Non-Hispanic White,Female,65-74 years,2557,0
12/01/2021,2019,Unknown,Non-Hispanic White,Female,75 years and over,6440,0
12/01/2021,2019,Unknown,Unknown,Female,0-24 years,33,0
12/01/2021,2019,Unknown,Unknown,Female,25-39 years,25,0
12/01/2021,2019,Unknown,Unknown,Female,40-54 years,122,0
12/01/2021,2019,Unknown,Unknown,Female,55-64 years,254,0
12/01/2021,2019,Unknown,Unknown,Female,65-74 years,345,0
12/01/2021,2019,Unknown,Unknown,Female,75 years and over,436,0
12/01/2021,2019,Associate degree or some college,Hispanic,Female,0-24 years,357,0
12/01/2021,2019,Associate degree or some college,Hispanic,Female,25-39 years,1018,0
12/01/2021,2019,Associate degree or some college,Hispanic,Female,40-54 years,1851,0
12/01/2021,2019,Associate degree or some college,Hispanic,Female,55-64 years,2279,0
12/01/2021,2019,Associate degree or some college,Hispanic,Female,65-74 years,2488,0
12/01/2021,2019,Associate degree or some college,Hispanic,Female,75 years and over,4769,0
12/01/2021,2019,Associate degree or some college,Non-Hispanic American Indian or Alaska Native,Female,0-24 years,26,0
12/01/2021,2019,Associate degree or some college,Non-Hispanic American Indian or Alaska Native,Female,25-39 years,180,0
12/01/2021,2019,Associate degree or some college,Non-Hispanic American Indian or Alaska Native,Female,40-54 years,328,0
12/01/2021,2019,Associate degree or some college,Non-Hispanic American Indian or Alaska Native,Female,55-64 years,416,0
12/01/2021,2019,Associate degree or some college,Non-Hispanic American Indian or Alaska Native,Female,65-74 years,499,0
12/01/2021,2019,Associate degree or some college,Non-Hispanic American Indian or Alaska Native,Female,75 years and over,578,0
12/01/2021,2019,Associate degree or some college,Non-Hispanic Asian,Female,0-24 years,72,0
12/01/2021,2019,Associate degree or some college,Non-Hispanic Asian,Female,25-39 years,169,0
12/01/2021,2019,Associate degree or some college,Non-Hispanic Asian,Female,40-54 years,391,0
12/01/2021,2019,Associate degree or some college,Non-Hispanic Asian,Female,55-64 years,565,0
12/01/2021,2019,Associate degree or some college,Non-Hispanic Asian,Female,65-74 years,836,0
12/01/2021,2019,Associate degree or some college,Non-Hispanic Asian,Female,75 years and over,2583,0
12/01/2021,2019,Associate degree or some college,Non-Hispanic Black,Female,0-24 years,412,0
12/01/2021,2019,Associate degree or some college,Non-Hispanic Black,Female,25-39 years,1784,0
12/01/2021,2019,Associate degree or some college,Non-Hispanic Black,Female,40-54 years,4358,0
12/01/2021,2019,Associate degree or some college,Non-Hispanic Black,Female,55-64 years,7277,0
12/01/2021,2019,Associate degree or some college,Non-Hispanic Black,Female,65-74 years,8702,0
12/01/2021,2019,Associate degree or some college,Non-Hispanic Black,Female,75 years and over,12268,0
12/01/2021,2019,Associate degree or some college,Non-Hispanic More than one race,Female,0-24 years,38,0
12/01/2021,2019,Associate degree or some college,Non-Hispanic More than one race,Female,25-39 years,137,0
12/01/2021,2019,Associate degree or some college,Non-Hispanic More than one race,Female,40-54 years,192,0
12/01/2021,2019,Associate degree or some college,Non-Hispanic More than one race,Female,55-64 years,272,0
12/01/2021,2019,Associate degree or some college,Non-Hispanic More than one race,Female,65-74 years,289,0
12/01/2021,2019,Associate degree or some college,Non-Hispanic More than one race,Female,75 years and over,463,0
12/01/2021,2019,Associate degree or some college,Non-Hispanic Native Hawaiian or Other Pacific Islander,Female,0-24 years,5,0
12/01/2021,2019,Associate degree or some college,Non-Hispanic Native Hawaiian or Other Pacific Islander,Female,25-39 years,23,0
12/01/2021,2019,Associate degree or some college,Non-Hispanic Native Hawaiian or Other Pacific Islander,Female,40-54 years,75,0
12/01/2021,2019,Associate degree or some college,Non-Hispanic Native Hawaiian or Other Pacific Islander,Female,55-64 years,79,0
12/01/2021,2019,Associate degree or some college,Non-Hispanic Native Hawaiian or Other Pacific Islander,Female,65-74 years,95,0
12/01/2021,2019,Associate degree or some college,Non-Hispanic Native Hawaiian or Other Pacific Islander,Female,75 years and over,78,0
12/01/2021,2019,Associate degree or some college,Non-Hispanic White,Female,0-24 years,999,0
12/01/2021,2019,Associate degree or some college,Non-Hispanic White,Female,25-39 years,5110,0
12/01/2021,2019,Associate degree or some college,Non-Hispanic White,Female,40-54 years,12968,0
12/01/2021,2019,Associate degree or some college,Non-Hispanic White,Female,55-64 years,25675,0
12/01/2021,2019,Associate degree or some college,Non-Hispanic White,Female,65-74 years,42393,0
12/01/2021,2019,Associate degree or some college,Non-Hispanic White,Female,75 years and over,124989,0
12/01/2021,2019,Associate degree or some college,Unknown,Female,0-24 years,4,0
12/01/2021,2019,Associate degree or some college,Unknown,Female,25-39 years,7,0
12/01/2021,2019,Associate degree or some college,Unknown,Female,40-54 years,21,0
12/01/2021,2019,Associate degree or some college,Unknown,Female,55-64 years,45,0
12/01/2021,2019,Associate degree or some college,Unknown,Female,65-74 years,59,0
12/01/2021,2019,Associate degree or some college,Unknown,Female,75 years and over,134,0
12/01/2021,2019,Bachelor�s degree or more,Hispanic,Female,0-24 years,46,0
12/01/2021,2019,Bachelor�s degree or more,Hispanic,Female,25-39 years,422,0
12/01/2021,2019,Bachelor�s degree or more,Hispanic,Female,40-54 years,963,0
12/01/2021,2019,Bachelor�s degree or more,Hispanic,Female,55-64 years,1164,0
12/01/2021,2019,Bachelor�s degree or more,Hispanic,Female,65-74 years,1373,0
12/01/2021,2019,Bachelor�s degree or more,Hispanic,Female,75 years and over,3648,0
12/01/2021,2019,Bachelor�s degree or more,Non-Hispanic American Indian or Alaska Native,Female,25-39 years,34,0
12/01/2021,2019,Bachelor�s degree or more,Non-Hispanic American Indian or Alaska Native,Female,40-54 years,81,0
12/01/2021,2019,Bachelor�s degree or more,Non-Hispanic American Indian or Alaska Native,Female,55-64 years,119,0
12/01/2021,2019,Bachelor�s degree or more,Non-Hispanic American Indian or Alaska Native,Female,65-74 years,198,0
12/01/2021,2019,Bachelor�s degree or more,Non-Hispanic American Indian or Alaska Native,Female,75 years and over,251,0
12/01/2021,2019,Bachelor�s degree or more,Non-Hispanic Asian,Female,0-24 years,43,0
12/01/2021,2019,Bachelor�s degree or more,Non-Hispanic Asian,Female,25-39 years,350,0
12/01/2021,2019,Bachelor�s degree or more,Non-Hispanic Asian,Female,40-54 years,844,0
12/01/2021,2019,Bachelor�s degree or more,Non-Hispanic Asian,Female,55-64 years,1007,0
12/01/2021,2019,Bachelor�s degree or more,Non-Hispanic Asian,Female,65-74 years,1672,0
12/01/2021,2019,Bachelor�s degree or more,Non-Hispanic Asian,Female,75 years and over,4558,0
12/01/2021,2019,Bachelor�s degree or more,Non-Hispanic Black,Female,0-24 years,57,0
12/01/2021,2019,Bachelor�s degree or more,Non-Hispanic Black,Female,25-39 years,741,0
12/01/2021,2019,Bachelor�s degree or more,Non-Hispanic Black,Female,40-54 years,2244,0
12/01/2021,2019,Bachelor�s degree or more,Non-Hispanic Black,Female,55-64 years,3415,0
12/01/2021,2019,Bachelor�s degree or more,Non-Hispanic Black,Female,65-74 years,4796,0
12/01/2021,2019,Bachelor�s degree or more,Non-Hispanic Black,Female,75 years and over,8771,0
12/01/2021,2019,Bachelor�s degree or more,Non-Hispanic More than one race,Female,0-24 years,9,0
12/01/2021,2019,Bachelor�s degree or more,Non-Hispanic More than one race,Female,25-39 years,62,0
12/01/2021,2019,Bachelor�s degree or more,Non-Hispanic More than one race,Female,40-54 years,113,0
12/01/2021,2019,Bachelor�s degree or more,Non-Hispanic More than one race,Female,55-64 years,132,0
12/01/2021,2019,Bachelor�s degree or more,Non-Hispanic More than one race,Female,65-74 years,174,0
12/01/2021,2019,Bachelor�s degree or more,Non-Hispanic More than one race,Female,75 years and over,343,0
12/01/2021,2019,Bachelor�s degree or more,Non-Hispanic Native Hawaiian or Other Pacific Islander,Female,0-24 years,1,0
12/01/2021,2019,Bachelor�s degree or more,Non-Hispanic Native Hawaiian or Other Pacific Islander,Female,25-39 years,10,0
12/01/2021,2019,Bachelor�s degree or more,Non-Hispanic Native Hawaiian or Other Pacific Islander,Female,40-54 years,21,0
12/01/2021,2019,Bachelor�s degree or more,Non-Hispanic Native Hawaiian or Other Pacific Islander,Female,55-64 years,21,0
12/01/2021,2019,Bachelor�s degree or more,Non-Hispanic Native Hawaiian or Other Pacific Islander,Female,65-74 years,32,0
12/01/2021,2019,Bachelor�s degree or more,Non-Hispanic Native Hawaiian or Other Pacific Islander,Female,75 years and over,38,0
12/01/2021,2019,Bachelor�s degree or more,Non-Hispanic White,Female,0-24 years,197,0
12/01/2021,2019,Bachelor�s degree or more,Non-Hispanic White,Female,25-39 years,2926,0
12/01/2021,2019,Bachelor�s degree or more,Non-Hispanic White,Female,40-54 years,8895,0
12/01/2021,2019,Bachelor�s degree or more,Non-Hispanic White,Female,55-64 years,16569,0
12/01/2021,2019,Bachelor�s degree or more,Non-Hispanic White,Female,65-74 years,32693,0
12/01/2021,2019,Bachelor�s degree or more,Non-Hispanic White,Female,75 years and over,106566,0
12/01/2021,2019,Bachelor�s degree or more,Unknown,Female,0-24 years,1,0
12/01/2021,2019,Bachelor�s degree or more,Unknown,Female,25-39 years,4,0
12/01/2021,2019,Bachelor�s degree or more,Unknown,Female,40-54 years,11,0
12/01/2021,2019,Bachelor�s degree or more,Unknown,Female,55-64 years,24,0
12/01/2021,2019,Bachelor�s degree or more,Unknown,Female,65-74 years,42,0
12/01/2021,2019,Bachelor�s degree or more,Unknown,Female,75 years and over,126,0
12/01/2021,2019,High school graduate/GED or less,Hispanic,Male,0-24 years,7264,0
12/01/2021,2019,High school graduate/GED or less,Hispanic,Male,25-39 years,8428,0
12/01/2021,2019,High school graduate/GED or less,Hispanic,Male,40-54 years,13057,0
12/01/2021,2019,High school graduate/GED or less,Hispanic,Male,55-64 years,14633,0
12/01/2021,2019,High school graduate/GED or less,Hispanic,Male,65-74 years,15410,0
12/01/2021,2019,High school graduate/GED or less,Hispanic,Male,75 years and over,30875,0
12/01/2021,2019,High school graduate/GED or less,Non-Hispanic American Indian or Alaska Native,Male,0-24 years,481,0
12/01/2021,2019,High school graduate/GED or less,Non-Hispanic American Indian or Alaska Native,Male,25-39 years,853,0
12/01/2021,2019,High school graduate/GED or less,Non-Hispanic American Indian or Alaska Native,Male,40-54 years,1166,0
12/01/2021,2019,High school graduate/GED or less,Non-Hispanic American Indian or Alaska Native,Male,55-64 years,1395,0
12/01/2021,2019,High school graduate/GED or less,Non-Hispanic American Indian or Alaska Native,Male,65-74 years,1264,0
12/01/2021,2019,High school graduate/GED or less,Non-Hispanic American Indian or Alaska Native,Male,75 years and over,1699,0
12/01/2021,2019,High school graduate/GED or less,Non-Hispanic Asian,Male,0-24 years,771,0
12/01/2021,2019,High school graduate/GED or less,Non-Hispanic Asian,Male,25-39 years,594,0
12/01/2021,2019,High school graduate/GED or less,Non-Hispanic Asian,Male,40-54 years,1323,0
12/01/2021,2019,High school graduate/GED or less,Non-Hispanic Asian,Male,55-64 years,2184,0
12/01/2021,2019,High school graduate/GED or less,Non-Hispanic Asian,Male,65-74 years,2905,0
12/01/2021,2019,High school graduate/GED or less,Non-Hispanic Asian,Male,75 years and over,8126,0
12/01/2021,2019,High school graduate/GED or less,Non-Hispanic Black,Male,0-24 years,8727,0
12/01/2021,2019,High school graduate/GED or less,Non-Hispanic Black,Male,25-39 years,10004,0
12/01/2021,2019,High school graduate/GED or less,Non-Hispanic Black,Male,40-54 years,16289,0
12/01/2021,2019,High school graduate/GED or less,Non-Hispanic Black,Male,55-64 years,27241,0
12/01/2021,2019,High school graduate/GED or less,Non-Hispanic Black,Male,65-74 years,28227,0
12/01/2021,2019,High school graduate/GED or less,Non-Hispanic Black,Male,75 years and over,38012,0
12/01/2021,2019,High school graduate/GED or less,Non-Hispanic More than one race,Male,0-24 years,793,0
12/01/2021,2019,High school graduate/GED or less,Non-Hispanic More than one race,Male,25-39 years,454,0
12/01/2021,2019,High school graduate/GED or less,Non-Hispanic More than one race,Male,40-54 years,563,0
12/01/2021,2019,High school graduate/GED or less,Non-Hispanic More than one race,Male,55-64 years,757,0
12/01/2021,2019,High school graduate/GED or less,Non-Hispanic More than one race,Male,65-74 years,639,0
12/01/2021,2019,High school graduate/GED or less,Non-Hispanic More than one race,Male,75 years and over,1013,0
12/01/2021,2019,High school graduate/GED or less,Non-Hispanic Native Hawaiian or Other Pacific Islander,Male,0-24 years,106,0
12/01/2021,2019,High school graduate/GED or less,Non-Hispanic Native Hawaiian or Other Pacific Islander,Male,25-39 years,159,0
12/01/2021,2019,High school graduate/GED or less,Non-Hispanic Native Hawaiian or Other Pacific Islander,Male,40-54 years,237,0
12/01/2021,2019,High school graduate/GED or less,Non-Hispanic Native Hawaiian or Other Pacific Islander,Male,55-64 years,257,0
12/01/2021,2019,High school graduate/GED or less,Non-Hispanic Native Hawaiian or Other Pacific Islander,Male,65-74 years,284,0
12/01/2021,2019,High school graduate/GED or less,Non-Hispanic Native Hawaiian or Other Pacific Islander,Male,75 years and over,285,0
12/01/2021,2019,High school graduate/GED or less,Non-Hispanic White,Male,0-24 years,14310,0
12/01/2021,2019,High school graduate/GED or less,Non-Hispanic White,Male,25-39 years,24162,0
12/01/2021,2019,High school graduate/GED or less,Non-Hispanic White,Male,40-54 years,50138,0
12/01/2021,2019,High school graduate/GED or less,Non-Hispanic White,Male,55-64 years,101923,0
12/01/2021,2019,High school graduate/GED or less,Non-Hispanic White,Male,65-74 years,127506,0
12/01/2021,2019,High school graduate/GED or less,Non-Hispanic White,Male,75 years and over,314815,0
12/01/2021,2019,High school graduate/GED or less,Unknown,Male,0-24 years,142,0
12/01/2021,2019,High school graduate/GED or less,Unknown,Male,25-39 years,66,0
12/01/2021,2019,High school graduate/GED or less,Unknown,Male,40-54 years,96,0
12/01/2021,2019,High school graduate/GED or less,Unknown,Male,55-64 years,203,0
12/01/2021,2019,High school graduate/GED or less,Unknown,Male,65-74 years,229,0
12/01/2021,2019,High school graduate/GED or less,Unknown,Male,75 years and over,352,0
12/01/2021,2019,Unknown,Hispanic,Male,0-24 years,361,0
12/01/2021,2019,Unknown,Hispanic,Male,25-39 years,210,0
12/01/2021,2019,Unknown,Hispanic,Male,40-54 years,500,0
12/01/2021,2019,Unknown,Hispanic,Male,55-64 years,725,0
12/01/2021,2019,Unknown,Hispanic,Male,65-74 years,830,0
12/01/2021,2019,Unknown,Hispanic,Male,75 years and over,1138,0
12/01/2021,2019,Unknown,Non-Hispanic American Indian or Alaska Native,Male,0-24 years,19,0
12/01/2021,2019,Unknown,Non-Hispanic American Indian or Alaska Native,Male,25-39 years,6,0
12/01/2021,2019,Unknown,Non-Hispanic American Indian or Alaska Native,Male,40-54 years,21,0
12/01/2021,2019,Unknown,Non-Hispanic American Indian or Alaska Native,Male,55-64 years,29,0
12/01/2021,2019,Unknown,Non-Hispanic American Indian or Alaska Native,Male,65-74 years,32,0
12/01/2021,2019,Unknown,Non-Hispanic American Indian or Alaska Native,Male,75 years and over,66,0
12/01/2021,2019,Unknown,Non-Hispanic Asian,Male,0-24 years,42,0
12/01/2021,2019,Unknown,Non-Hispanic Asian,Male,25-39 years,20,0
12/01/2021,2019,Unknown,Non-Hispanic Asian,Male,40-54 years,78,0
12/01/2021,2019,Unknown,Non-Hispanic Asian,Male,55-64 years,148,0
12/01/2021,2019,Unknown,Non-Hispanic Asian,Male,65-74 years,177,0
12/01/2021,2019,Unknown,Non-Hispanic Asian,Male,75 years and over,331,0
12/01/2021,2019,Unknown,Non-Hispanic Black,Male,0-24 years,392,0
12/01/2021,2019,Unknown,Non-Hispanic Black,Male,25-39 years,199,0
12/01/2021,2019,Unknown,Non-Hispanic Black,Male,40-54 years,558,0
12/01/2021,2019,Unknown,Non-Hispanic Black,Male,55-64 years,1241,0
12/01/2021,2019,Unknown,Non-Hispanic Black,Male,75 years and over,1334,0
12/01/2021,2019,Unknown,Non-Hispanic More than one race,Male,0-24 years,51,0
12/01/2021,2019,Unknown,Non-Hispanic More than one race,Male,25-39 years,4,0
12/01/2021,2019,Unknown,Non-Hispanic More than one race,Male,40-54 years,12,0
12/01/2021,2019,Unknown,Non-Hispanic More than one race,Male,55-64 years,20,0
12/01/2021,2019,Unknown,Non-Hispanic More than one race,Male,65-74 years,19,0
12/01/2021,2019,Unknown,Non-Hispanic More than one race,Male,75 years and over,23,0
12/01/2021,2019,Unknown,Non-Hispanic Native Hawaiian or Other Pacific Islander,Male,0-24 years,5,0
12/01/2021,2019,Unknown,Non-Hispanic Native Hawaiian or Other Pacific Islander,Male,25-39 years,4,0
12/01/2021,2019,Unknown,Non-Hispanic Native Hawaiian or Other Pacific Islander,Male,40-54 years,4,0
12/01/2021,2019,Unknown,Non-Hispanic Native Hawaiian or Other Pacific Islander,Male,55-64 years,7,0
12/01/2021,2019,Unknown,Non-Hispanic Native Hawaiian or Other Pacific Islander,Male,65-74 years,13,0
12/01/2021,2019,Unknown,Non-Hispanic Native Hawaiian or Other Pacific Islander,Male,75 years and over,9,0
12/01/2021,2019,Unknown,Non-Hispanic White,Male,0-24 years,693,0
12/01/2021,2019,Unknown,Non-Hispanic White,Male,25-39 years,429,0
12/01/2021,2019,Unknown,Non-Hispanic White,Male,40-54 years,1718,0
12/01/2021,2019,Unknown,Non-Hispanic White,Male,55-64 years,4559,0
12/01/2021,2019,Unknown,Non-Hispanic White,Male,65-74 years,5501,0
12/01/2021,2019,Unknown,Non-Hispanic White,Male,75 years and over,6208,0
12/01/2021,2019,Unknown,Unknown,Male,0-24 years,39,0
12/01/2021,2019,Unknown,Unknown,Male,25-39 years,74,0
12/01/2021,2019,Unknown,Unknown,Male,40-54 years,397,0
12/01/2021,2019,Unknown,Unknown,Male,55-64 years,932,0
12/01/2021,2019,Unknown,Unknown,Male,65-74 years,971,0
12/01/2021,2019,Unknown,Unknown,Male,75 years and over,716,0
12/01/2021,2019,Associate degree or some college,Hispanic,Male,0-24 years,692,0
12/01/2021,2019,Associate degree or some college,Hispanic,Male,25-39 years,1874,0
12/01/2021,2019,Associate degree or some college,Hispanic,Male,40-54 years,2548,0
12/01/2021,2019,Associate degree or some college,Hispanic,Male,55-64 years,3000,0
12/01/2021,2019,Associate degree or some college,Hispanic,Male,65-74 years,3398,0
12/01/2021,2019,Associate degree or some college,Hispanic,Male,75 years and over,4394,0
12/01/2021,2019,Associate degree or some college,Non-Hispanic American Indian or Alaska Native,Male,0-24 years,44,0
12/01/2021,2019,Associate degree or some college,Non-Hispanic American Indian or Alaska Native,Male,25-39 years,248,0
12/01/2021,2019,Associate degree or some college,Non-Hispanic American Indian or Alaska Native,Male,40-54 years,397,0
12/01/2021,2019,Associate degree or some college,Non-Hispanic American Indian or Alaska Native,Male,55-64 years,398,0
12/01/2021,2019,Associate degree or some college,Non-Hispanic American Indian or Alaska Native,Male,65-74 years,543,0
12/01/2021,2019,Associate degree or some college,Non-Hispanic American Indian or Alaska Native,Male,75 years and over,443,0
12/01/2021,2019,Associate degree or some college,Non-Hispanic Asian,Male,0-24 years,182,0
12/01/2021,2019,Associate degree or some college,Non-Hispanic Asian,Male,25-39 years,349,0
12/01/2021,2019,Associate degree or some college,Non-Hispanic Asian,Male,40-54 years,632,0
12/01/2021,2019,Associate degree or some college,Non-Hispanic Asian,Male,55-64 years,882,0
12/01/2021,2019,Associate degree or some college,Non-Hispanic Asian,Male,65-74 years,1227,0
12/01/2021,2019,Associate degree or some college,Non-Hispanic Asian,Male,75 years and over,2510,0
12/01/2021,2019,Associate degree or some college,Non-Hispanic Black,Male,0-24 years,863,0
12/01/2021,2019,Associate degree or some college,Non-Hispanic Black,Male,25-39 years,2896,0
12/01/2021,2019,Associate degree or some college,Non-Hispanic Black,Male,40-54 years,4809,0
12/01/2021,2019,Associate degree or some college,Non-Hispanic Black,Male,55-64 years,6987,0
12/01/2021,2019,Associate degree or some college,Non-Hispanic Black,Male,65-74 years,8481,0
12/01/2021,2019,Associate degree or some college,Non-Hispanic Black,Male,75 years and over,7561,0
12/01/2021,2019,Associate degree or some college,Non-Hispanic More than one race,Male,0-24 years,99,0
12/01/2021,2019,Associate degree or some college,Non-Hispanic More than one race,Male,25-39 years,207,0
12/01/2021,2019,Associate degree or some college,Non-Hispanic More than one race,Male,40-54 years,243,0
12/01/2021,2019,Associate degree or some college,Non-Hispanic More than one race,Male,55-64 years,294,0
12/01/2021,2019,Associate degree or some college,Non-Hispanic More than one race,Male,65-74 years,391,0
12/01/2021,2019,Associate degree or some college,Non-Hispanic More than one race,Male,75 years and over,430,0
12/01/2021,2019,Associate degree or some college,Non-Hispanic Native Hawaiian or Other Pacific Islander,Male,0-24 years,13,0
12/01/2021,2019,Associate degree or some college,Non-Hispanic Native Hawaiian or Other Pacific Islander,Male,25-39 years,47,0
12/01/2021,2019,Associate degree or some college,Non-Hispanic Native Hawaiian or Other Pacific Islander,Male,40-54 years,76,0
12/01/2021,2019,Associate degree or some college,Non-Hispanic Native Hawaiian or Other Pacific Islander,Male,55-64 years,80,0
12/01/2021,2019,Associate degree or some college,Non-Hispanic Native Hawaiian or Other Pacific Islander,Male,65-74 years,117,0
12/01/2021,2019,Associate degree or some college,Non-Hispanic Native Hawaiian or Other Pacific Islander,Male,75 years and over,86,0
12/01/2021,2019,Associate degree or some college,Non-Hispanic White,Male,0-24 years,2299,0
12/01/2021,2019,Associate degree or some college,Non-Hispanic White,Male,25-39 years,9287,0
12/01/2021,2019,Associate degree or some college,Non-Hispanic White,Male,40-54 years,17145,0
12/01/2021,2019,Associate degree or some college,Non-Hispanic White,Male,55-64 years,32143,0
12/01/2021,2019,Associate degree or some college,Non-Hispanic White,Male,65-74 years,57694,0
12/01/2021,2019,Associate degree or some college,Non-Hispanic White,Male,75 years and over,101458,0
12/01/2021,2019,Associate degree or some college,Unknown,Male,25-39 years,16,0
12/01/2021,2019,Associate degree or some college,Unknown,Male,40-54 years,30,0
12/01/2021,2019,Associate degree or some college,Unknown,Male,55-64 years,46,0
12/01/2021,2019,Associate degree or some college,Unknown,Male,65-74 years,61,0
12/01/2021,2019,Associate degree or some college,Unknown,Male,75 years and over,80,0
12/01/2021,2019,Bachelor�s degree or more,Hispanic,Male,0-24 years,50,0
12/01/2021,2019,Bachelor�s degree or more,Hispanic,Male,25-39 years,507,0
12/01/2021,2019,Bachelor�s degree or more,Hispanic,Male,40-54 years,972,0
12/01/2021,2019,Bachelor�s degree or more,Hispanic,Male,55-64 years,1507,0
12/01/2021,2019,Bachelor�s degree or more,Hispanic,Male,65-74 years,2153,0
12/01/2021,2019,Bachelor�s degree or more,Hispanic,Male,75 years and over,4259,0
12/01/2021,2019,Bachelor�s degree or more,Non-Hispanic American Indian or Alaska Native,Male,25-39 years,27,0
12/01/2021,2019,Bachelor�s degree or more,Non-Hispanic American Indian or Alaska Native,Male,40-54 years,87,0
12/01/2021,2019,Bachelor�s degree or more,Non-Hispanic American Indian or Alaska Native,Male,55-64 years,96,0
12/01/2021,2019,Bachelor�s degree or more,Non-Hispanic American Indian or Alaska Native,Male,65-74 years,187,0
12/01/2021,2019,Bachelor�s degree or more,Non-Hispanic American Indian or Alaska Native,Male,75 years and over,245,0
12/01/2021,2019,Bachelor�s degree or more,Non-Hispanic Asian,Male,0-24 years,68,0
12/01/2021,2019,Bachelor�s degree or more,Non-Hispanic Asian,Male,25-39 years,516,0
12/01/2021,2019,Bachelor�s degree or more,Non-Hispanic Asian,Male,40-54 years,1105,0
12/01/2021,2019,Bachelor�s degree or more,Non-Hispanic Asian,Male,55-64 years,1630,0
12/01/2021,2019,Bachelor�s degree or more,Non-Hispanic Asian,Male,65-74 years,2808,0
12/01/2021,2019,Bachelor�s degree or more,Non-Hispanic Asian,Male,75 years and over,7684,0
12/01/2021,2019,Bachelor�s degree or more,Non-Hispanic Black,Male,0-24 years,91,0
12/01/2021,2019,Bachelor�s degree or more,Non-Hispanic Black,Male,25-39 years,753,0
12/01/2021,2019,Bachelor�s degree or more,Non-Hispanic Black,Male,40-54 years,1889,0
12/01/2021,2019,Bachelor�s degree or more,Non-Hispanic Black,Male,55-64 years,3018,0
12/01/2021,2019,Bachelor�s degree or more,Non-Hispanic Black,Male,65-74 years,4814,0
12/01/2021,2019,Bachelor�s degree or more,Non-Hispanic Black,Male,75 years and over,6055,0
12/01/2021,2019,Bachelor�s degree or more,Non-Hispanic More than one race,Male,0-24 years,6,0
12/01/2021,2019,Bachelor�s degree or more,Non-Hispanic More than one race,Male,25-39 years,63,0
12/01/2021,2019,Bachelor�s degree or more,Non-Hispanic More than one race,Male,40-54 years,130,0
12/01/2021,2019,Bachelor�s degree or more,Non-Hispanic More than one race,Male,55-64 years,147,0
12/01/2021,2019,Bachelor�s degree or more,Non-Hispanic More than one race,Male,65-74 years,210,0
12/01/2021,2019,Bachelor�s degree or more,Non-Hispanic More than one race,Male,75 years and over,411,0
12/01/2021,2019,Bachelor�s degree or more,Non-Hispanic Native Hawaiian or Other Pacific Islander,Male,25-39 years,5,0
12/01/2021,2019,Bachelor�s degree or more,Non-Hispanic Native Hawaiian or Other Pacific Islander,Male,40-54 years,21,0
12/01/2021,2019,Bachelor�s degree or more,Non-Hispanic Native Hawaiian or Other Pacific Islander,Male,55-64 years,35,0
12/01/2021,2019,Bachelor�s degree or more,Non-Hispanic Native Hawaiian or Other Pacific Islander,Male,65-74 years,62,0
12/01/2021,2019,Bachelor�s degree or more,Non-Hispanic Native Hawaiian or Other Pacific Islander,Male,75 years and over,49,0
12/01/2021,2019,Bachelor�s degree or more,Non-Hispanic White,Male,0-24 years,292,0
12/01/2021,2019,Bachelor�s degree or more,Non-Hispanic White,Male,25-39 years,4587,0
12/01/2021,2019,Bachelor�s degree or more,Non-Hispanic White,Male,40-54 years,11566,0
12/01/2021,2019,Bachelor�s degree or more,Non-Hispanic White,Male,55-64 years,22442,0
12/01/2021,2019,Bachelor�s degree or more,Non-Hispanic White,Male,65-74 years,53597,0
12/01/2021,2019,Bachelor�s degree or more,Non-Hispanic White,Male,75 years and over,153301,0
12/01/2021,2019,Bachelor�s degree or more,Unknown,Male,0-24 years,1,0
12/01/2021,2019,Bachelor�s degree or more,Unknown,Male,25-39 years,7,0
12/01/2021,2019,Bachelor�s degree or more,Unknown,Male,40-54 years,19,0
12/01/2021,2019,Bachelor�s degree or more,Unknown,Male,55-64 years,43,0
12/01/2021,2019,Bachelor�s degree or more,Unknown,Male,65-74 years,79,0
12/01/2021,2019,Bachelor�s degree or more,Unknown,Male,75 years and over,152,0
12/01/2021,2020,Associate degree or some college,Hispanic,Female,0-24 years,402,19
12/01/2021,2020,Associate degree or some college,Hispanic,Female,25-39 years,1272,127
12/01/2021,2020,Associate degree or some college,Hispanic,Female,40-54 years,2298,410
12/01/2021,2020,Associate degree or some college,Hispanic,Female,55-64 years,2956,586
12/01/2021,2020,Associate degree or some college,Hispanic,Female,65-74 years,3547,689
12/01/2021,2020,Associate degree or some college,Hispanic,Female,75 years and over,6145,914
12/01/2021,2020,Associate degree or some college,Hispanic,Male,0-24 years,813,27
12/01/2021,2020,Associate degree or some college,Hispanic,Male,25-39 years,2447,236
12/01/2021,2020,Associate degree or some college,Hispanic,Male,40-54 years,3641,769
12/01/2021,2020,Associate degree or some college,Hispanic,Male,55-64 years,4392,1091
12/01/2021,2020,Associate degree or some college,Hispanic,Male,65-74 years,4847,1192
12/01/2021,2020,Associate degree or some college,Hispanic,Male,75 years and over,5968,1120
12/01/2021,2020,Associate degree or some college,Non-Hispanic American Indian or Alaska Native,Female,0-24 years,24,0
12/01/2021,2020,Associate degree or some college,Non-Hispanic American Indian or Alaska Native,Female,25-39 years,281,36
12/01/2021,2020,Associate degree or some college,Non-Hispanic American Indian or Alaska Native,Female,40-54 years,475,77
12/01/2021,2020,Associate degree or some college,Non-Hispanic American Indian or Alaska Native,Female,55-64 years,586,133
12/01/2021,2020,Associate degree or some college,Non-Hispanic American Indian or Alaska Native,Female,65-74 years,706,189
12/01/2021,2020,Associate degree or some college,Non-Hispanic American Indian or Alaska Native,Female,75 years and over,735,149
12/01/2021,2020,Associate degree or some college,Non-Hispanic American Indian or Alaska Native,Male,0-24 years,38,0
12/01/2021,2020,Associate degree or some college,Non-Hispanic American Indian or Alaska Native,Male,25-39 years,377,33
12/01/2021,2020,Associate degree or some college,Non-Hispanic American Indian or Alaska Native,Male,40-54 years,618,116
12/01/2021,2020,Associate degree or some college,Non-Hispanic American Indian or Alaska Native,Male,55-64 years,628,140
12/01/2021,2020,Associate degree or some college,Non-Hispanic American Indian or Alaska Native,Male,65-74 years,769,199
12/01/2021,2020,Associate degree or some college,Non-Hispanic American Indian or Alaska Native,Male,75 years and over,577,106
12/01/2021,2020,Associate degree or some college,Non-Hispanic Asian,Female,0-24 years,86,1
12/01/2021,2020,Associate degree or some college,Non-Hispanic Asian,Female,25-39 years,181,17
12/01/2021,2020,Associate degree or some college,Non-Hispanic Asian,Female,40-54 years,438,47
12/01/2021,2020,Associate degree or some college,Non-Hispanic Asian,Female,55-64 years,623,65
12/01/2021,2020,Associate degree or some college,Non-Hispanic Asian,Female,65-74 years,1038,122
12/01/2021,2020,Associate degree or some college,Non-Hispanic Asian,Female,75 years and over,3056,327
12/01/2021,2020,Associate degree or some college,Non-Hispanic Asian,Male,0-24 years,192,7
12/01/2021,2020,Associate degree or some college,Non-Hispanic Asian,Male,25-39 years,419,39
12/01/2021,2020,Associate degree or some college,Non-Hispanic Asian,Male,40-54 years,851,116
12/01/2021,2020,Associate degree or some college,Non-Hispanic Asian,Male,55-64 years,1109,225
12/01/2021,2020,Associate degree or some college,Non-Hispanic Asian,Male,65-74 years,1760,342
12/01/2021,2020,Associate degree or some college,Non-Hispanic Asian,Male,75 years and over,3242,475
12/01/2021,2020,Associate degree or some college,Non-Hispanic Black,Female,0-24 years,555,27
12/01/2021,2020,Associate degree or some college,Non-Hispanic Black,Female,25-39 years,2263,135
12/01/2021,2020,Associate degree or some college,Non-Hispanic Black,Female,40-54 years,5346,610
12/01/2021,2020,Associate degree or some college,Non-Hispanic Black,Female,55-64 years,9135,1149
12/01/2021,2020,Associate degree or some college,Non-Hispanic Black,Female,65-74 years,11435,1679
12/01/2021,2020,Associate degree or some college,Non-Hispanic Black,Female,75 years and over,15940,2274
12/01/2021,2020,Associate degree or some college,Non-Hispanic Black,Male,0-24 years,1080,15
12/01/2021,2020,Associate degree or some college,Non-Hispanic Black,Male,25-39 years,3881,196
12/01/2021,2020,Associate degree or some college,Non-Hispanic Black,Male,40-54 years,6199,762
12/01/2021,2020,Associate degree or some college,Non-Hispanic Black,Male,55-64 years,8875,1184
12/01/2021,2020,Associate degree or some college,Non-Hispanic Black,Male,65-74 years,11307,1697
12/01/2021,2020,Associate degree or some college,Non-Hispanic Black,Male,75 years and over,9692,1522
12/01/2021,2020,Associate degree or some college,Non-Hispanic More than one race,Female,0-24 years,63,2
12/01/2021,2020,Associate degree or some college,Non-Hispanic More than one race,Female,25-39 years,173,1
12/01/2021,2020,Associate degree or some college,Non-Hispanic More than one race,Female,40-54 years,239,10
12/01/2021,2020,Associate degree or some college,Non-Hispanic More than one race,Female,55-64 years,279,15
12/01/2021,2020,Associate degree or some college,Non-Hispanic More than one race,Female,65-74 years,373,27
12/01/2021,2020,Associate degree or some college,Non-Hispanic More than one race,Female,75 years and over,553,40
12/01/2021,2020,Associate degree or some college,Non-Hispanic More than one race,Male,0-24 years,105,0
12/01/2021,2020,Associate degree or some college,Non-Hispanic More than one race,Male,25-39 years,313,6
12/01/2021,2020,Associate degree or some college,Non-Hispanic More than one race,Male,40-54 years,303,20
12/01/2021,2020,Associate degree or some college,Non-Hispanic More than one race,Male,55-64 years,369,35
12/01/2021,2020,Associate degree or some college,Non-Hispanic More than one race,Male,65-74 years,471,50
12/01/2021,2020,Associate degree or some college,Non-Hispanic More than one race,Male,75 years and over,493,51
12/01/2021,2020,Associate degree or some college,Non-Hispanic Native Hawaiian or Other Pacific Islande,Female,0-24 years,3,0
12/01/2021,2020,Associate degree or some college,Non-Hispanic Native Hawaiian or Other Pacific Islande,Female,25-39 years,23,6
12/01/2021,2020,Associate degree or some college,Non-Hispanic Native Hawaiian or Other Pacific Islande,Female,40-54 years,81,10
12/01/2021,2020,Associate degree or some college,Non-Hispanic Native Hawaiian or Other Pacific Islande,Female,55-64 years,97,14
12/01/2021,2020,Associate degree or some college,Non-Hispanic Native Hawaiian or Other Pacific Islande,Female,65-74 years,106,14
12/01/2021,2020,Associate degree or some college,Non-Hispanic Native Hawaiian or Other Pacific Islande,Female,75 years and over,86,7
12/01/2021,2020,Associate degree or some college,Non-Hispanic Native Hawaiian or Other Pacific Islande,Male,0-24 years,11,0
12/01/2021,2020,Associate degree or some college,Non-Hispanic Native Hawaiian or Other Pacific Islande,Male,25-39 years,52,8
12/01/2021,2020,Associate degree or some college,Non-Hispanic Native Hawaiian or Other Pacific Islande,Male,40-54 years,98,21
12/01/2021,2020,Associate degree or some college,Non-Hispanic Native Hawaiian or Other Pacific Islande,Male,55-64 years,109,27
12/01/2021,2020,Associate degree or some college,Non-Hispanic Native Hawaiian or Other Pacific Islande,Male,65-74 years,128,19
12/01/2021,2020,Associate degree or some college,Non-Hispanic Native Hawaiian or Other Pacific Islande,Male,75 years and over,124,14
12/01/2021,2020,Associate degree or some college,Non-Hispanic White,Female,0-24 years,1104,9
12/01/2021,2020,Associate degree or some college,Non-Hispanic White,Female,25-39 years,5691,93
12/01/2021,2020,Associate degree or some college,Non-Hispanic White,Female,40-54 years,14015,579
12/01/2021,2020,Associate degree or some college,Non-Hispanic White,Female,55-64 years,27480,1582
12/01/2021,2020,Associate degree or some college,Non-Hispanic White,Female,65-74 years,48745,3718
12/01/2021,2020,Associate degree or some college,Non-Hispanic White,Female,75 years and over,142196,13346
12/01/2021,2020,Associate degree or some college,Non-Hispanic White,Male,0-24 years,2308,24
12/01/2021,2020,Associate degree or some college,Non-Hispanic White,Male,25-39 years,10286,160
12/01/2021,2020,Associate degree or some college,Non-Hispanic White,Male,40-54 years,19401,844
12/01/2021,2020,Associate degree or some college,Non-Hispanic White,Male,55-64 years,34992,2251
12/01/2021,2020,Associate degree or some college,Non-Hispanic White,Male,65-74 years,66259,5706
12/01/2021,2020,Associate degree or some college,Non-Hispanic White,Male,75 years and over,116739,12406
12/01/2021,2020,Associate degree or some college,Unknown,Female,0-24 years,1,0
12/01/2021,2020,Associate degree or some college,Unknown,Female,25-39 years,7,0
12/01/2021,2020,Associate degree or some college,Unknown,Female,40-54 years,16,3
12/01/2021,2020,Associate degree or some college,Unknown,Female,55-64 years,47,7
12/01/2021,2020,Associate degree or some college,Unknown,Female,65-74 years,54,7
12/01/2021,2020,Associate degree or some college,Unknown,Female,75 years and over,114,14
12/01/2021,2020,Associate degree or some college,Unknown,Male,0-24 years,6,0
12/01/2021,2020,Associate degree or some college,Unknown,Male,25-39 years,17,1
12/01/2021,2020,Associate degree or some college,Unknown,Male,40-54 years,28,3
12/01/2021,2020,Associate degree or some college,Unknown,Male,55-64 years,48,8
12/01/2021,2020,Associate degree or some college,Unknown,Male,65-74 years,55,13
12/01/2021,2020,Associate degree or some college,Unknown,Male,75 years and over,111,11
12/01/2021,2020,Bachelor�s degree or more,Hispanic,Female,0-24 years,58,3
12/01/2021,2020,Bachelor�s degree or more,Hispanic,Female,25-39 years,420,43
12/01/2021,2020,Bachelor�s degree or more,Hispanic,Female,40-54 years,1140,157
12/01/2021,2020,Bachelor�s degree or more,Hispanic,Female,55-64 years,1416,222
12/01/2021,2020,Bachelor�s degree or more,Hispanic,Female,65-74 years,1855,339
12/01/2021,2020,Bachelor�s degree or more,Hispanic,Female,75 years and over,4754,655
12/01/2021,2020,Bachelor�s degree or more,Hispanic,Male,0-24 years,59,4
12/01/2021,2020,Bachelor�s degree or more,Hispanic,Male,25-39 years,684,76
12/01/2021,2020,Bachelor�s degree or more,Hispanic,Male,40-54 years,1471,352
12/01/2021,2020,Bachelor�s degree or more,Hispanic,Male,55-64 years,2253,689
12/01/2021,2020,Bachelor�s degree or more,Hispanic,Male,65-74 years,3284,836
12/01/2021,2020,Bachelor�s degree or more,Hispanic,Male,75 years and over,5619,995
12/01/2021,2020,Bachelor�s degree or more,Non-Hispanic American Indian or Alaska Native,Female,0-24 years,1,0
12/01/2021,2020,Bachelor�s degree or more,Non-Hispanic American Indian or Alaska Native,Female,25-39 years,28,0
12/01/2021,2020,Bachelor�s degree or more,Non-Hispanic American Indian or Alaska Native,Female,40-54 years,111,29
12/01/2021,2020,Bachelor�s degree or more,Non-Hispanic American Indian or Alaska Native,Female,55-64 years,161,32
12/01/2021,2020,Bachelor�s degree or more,Non-Hispanic American Indian or Alaska Native,Female,65-74 years,266,59
12/01/2021,2020,Bachelor�s degree or more,Non-Hispanic American Indian or Alaska Native,Female,75 years and over,331,59
12/01/2021,2020,Bachelor�s degree or more,Non-Hispanic American Indian or Alaska Native,Male,0-24 years,0,0
12/01/2021,2020,Bachelor�s degree or more,Non-Hispanic American Indian or Alaska Native,Male,25-39 years,47,9
12/01/2021,2020,Bachelor�s degree or more,Non-Hispanic American Indian or Alaska Native,Male,40-54 years,105,17
12/01/2021,2020,Bachelor�s degree or more,Non-Hispanic American Indian or Alaska Native,Male,55-64 years,145,32
12/01/2021,2020,Bachelor�s degree or more,Non-Hispanic American Indian or Alaska Native,Male,65-74 years,260,62
12/01/2021,2020,Bachelor�s degree or more,Non-Hispanic American Indian or Alaska Native,Male,75 years and over,327,69
12/01/2021,2020,Bachelor�s degree or more,Non-Hispanic Asian,Female,0-24 years,37,0
12/01/2021,2020,Bachelor�s degree or more,Non-Hispanic Asian,Female,25-39 years,368,23
12/01/2021,2020,Bachelor�s degree or more,Non-Hispanic Asian,Female,40-54 years,954,80
12/01/2021,2020,Bachelor�s degree or more,Non-Hispanic Asian,Female,55-64 years,1292,149
12/01/2021,2020,Bachelor�s degree or more,Non-Hispanic Asian,Female,65-74 years,2196,282
12/01/2021,2020,Bachelor�s degree or more,Non-Hispanic Asian,Female,75 years and over,5913,769
12/01/2021,2020,Bachelor�s degree or more,Non-Hispanic Asian,Male,0-24 years,68,1
12/01/2021,2020,Bachelor�s degree or more,Non-Hispanic Asian,Male,25-39 years,539,40
12/01/2021,2020,Bachelor�s degree or more,Non-Hispanic Asian,Male,40-54 years,1380,191
12/01/2021,2020,Bachelor�s degree or more,Non-Hispanic Asian,Male,55-64 years,2166,474
12/01/2021,2020,Bachelor�s degree or more,Non-Hispanic Asian,Male,65-74 years,3857,786
12/01/2021,2020,Bachelor�s degree or more,Non-Hispanic Asian,Male,75 years and over,10084,1482
12/01/2021,2020,Bachelor�s degree or more,Non-Hispanic Black,Female,0-24 years,74,2
12/01/2021,2020,Bachelor�s degree or more,Non-Hispanic Black,Female,25-39 years,913,73
12/01/2021,2020,Bachelor�s degree or more,Non-Hispanic Black,Female,40-54 years,2827,322
12/01/2021,2020,Bachelor�s degree or more,Non-Hispanic Black,Female,55-64 years,4295,558
12/01/2021,2020,Bachelor�s degree or more,Non-Hispanic Black,Female,65-74 years,6734,868
12/01/2021,2020,Bachelor�s degree or more,Non-Hispanic Black,Female,75 years and over,11624,1418
12/01/2021,2020,Bachelor�s degree or more,Non-Hispanic Black,Male,0-24 years,89,2
12/01/2021,2020,Bachelor�s degree or more,Non-Hispanic Black,Male,25-39 years,1009,64
12/01/2021,2020,Bachelor�s degree or more,Non-Hispanic Black,Male,40-54 years,2430,347
12/01/2021,2020,Bachelor�s degree or more,Non-Hispanic Black,Male,55-64 years,3916,677
12/01/2021,2020,Bachelor�s degree or more,Non-Hispanic Black,Male,65-74 years,6483,1085
12/01/2021,2020,Bachelor�s degree or more,Non-Hispanic Black,Male,75 years and over,8173,1225
12/01/2021,2020,Bachelor�s degree or more,Non-Hispanic More than one race,Female,0-24 years,9,0
12/01/2021,2020,Bachelor�s degree or more,Non-Hispanic More than one race,Female,25-39 years,86,2
12/01/2021,2020,Bachelor�s degree or more,Non-Hispanic More than one race,Female,40-54 years,147,6
12/01/2021,2020,Bachelor�s degree or more,Non-Hispanic More than one race,Female,55-64 years,161,11
12/01/2021,2020,Bachelor�s degree or more,Non-Hispanic More than one race,Female,65-74 years,223,24
12/01/2021,2020,Bachelor�s degree or more,Non-Hispanic More than one race,Female,75 years and over,420,46
12/01/2021,2020,Bachelor�s degree or more,Non-Hispanic More than one race,Male,0-24 years,12,0
12/01/2021,2020,Bachelor�s degree or more,Non-Hispanic More than one race,Male,25-39 years,91,4
12/01/2021,2020,Bachelor�s degree or more,Non-Hispanic More than one race,Male,40-54 years,137,14
12/01/2021,2020,Bachelor�s degree or more,Non-Hispanic More than one race,Male,55-64 years,190,19
12/01/2021,2020,Bachelor�s degree or more,Non-Hispanic More than one race,Male,65-74 years,292,43
12/01/2021,2020,Bachelor�s degree or more,Non-Hispanic More than one race,Male,75 years and over,511,56
12/01/2021,2020,Bachelor�s degree or more,Non-Hispanic Native Hawaiian or Other Pacific Islande,Female,0-24 years,2,0
12/01/2021,2020,Bachelor�s degree or more,Non-Hispanic Native Hawaiian or Other Pacific Islande,Female,25-39 years,14,1
12/01/2021,2020,Bachelor�s degree or more,Non-Hispanic Native Hawaiian or Other Pacific Islande,Female,40-54 years,17,2
12/01/2021,2020,Bachelor�s degree or more,Non-Hispanic Native Hawaiian or Other Pacific Islande,Female,55-64 years,25,4
12/01/2021,2020,Bachelor�s degree or more,Non-Hispanic Native Hawaiian or Other Pacific Islande,Female,65-74 years,46,6
12/01/2021,2020,Bachelor�s degree or more,Non-Hispanic Native Hawaiian or Other Pacific Islande,Female,75 years and over,66,6
12/01/2021,2020,Bachelor�s degree or more,Non-Hispanic Native Hawaiian or Other Pacific Islande,Male,0-24 years,1,0
12/01/2021,2020,Bachelor�s degree or more,Non-Hispanic Native Hawaiian or Other Pacific Islande,Male,25-39 years,21,4
12/01/2021,2020,Bachelor�s degree or more,Non-Hispanic Native Hawaiian or Other Pacific Islande,Male,40-54 years,37,5
12/01/2021,2020,Bachelor�s degree or more,Non-Hispanic Native Hawaiian or Other Pacific Islande,Male,55-64 years,46,9
12/01/2021,2020,Bachelor�s degree or more,Non-Hispanic Native Hawaiian or Other Pacific Islande,Male,65-74 years,79,19
12/01/2021,2020,Bachelor�s degree or more,Non-Hispanic Native Hawaiian or Other Pacific Islande,Male,75 years and over,63,5
12/01/2021,2020,Bachelor�s degree or more,Non-Hispanic White,Female,0-24 years,201,2
12/01/2021,2020,Bachelor�s degree or more,Non-Hispanic White,Female,25-39 years,3265,66
12/01/2021,2020,Bachelor�s degree or more,Non-Hispanic White,Female,40-54 years,10022,410
12/01/2021,2020,Bachelor�s degree or more,Non-Hispanic White,Female,55-64 years,18001,916
12/01/2021,2020,Bachelor�s degree or more,Non-Hispanic White,Female,65-74 years,38031,2474
12/01/2021,2020,Bachelor�s degree or more,Non-Hispanic White,Female,75 years and over,125177,11711
12/01/2021,2020,Bachelor�s degree or more,Non-Hispanic White,Male,0-24 years,340,5
12/01/2021,2020,Bachelor�s degree or more,Non-Hispanic White,Male,25-39 years,5086,97
12/01/2021,2020,Bachelor�s degree or more,Non-Hispanic White,Male,40-54 years,13061,588
12/01/2021,2020,Bachelor�s degree or more,Non-Hispanic White,Male,55-64 years,24722,1749
12/01/2021,2020,Bachelor�s degree or more,Non-Hispanic White,Male,65-74 years,62006,5500
12/01/2021,2020,Bachelor�s degree or more,Non-Hispanic White,Male,75 years and over,179350,19218
12/01/2021,2020,Bachelor�s degree or more,Unknown,Female,0-24 years,0,0
12/01/2021,2020,Bachelor�s degree or more,Unknown,Female,25-39 years,9,1
12/01/2021,2020,Bachelor�s degree or more,Unknown,Female,40-54 years,21,2
12/01/2021,2020,Bachelor�s degree or more,Unknown,Female,55-64 years,33,5
12/01/2021,2020,Bachelor�s degree or more,Unknown,Female,65-74 years,76,7
12/01/2021,2020,Bachelor�s degree or more,Unknown,Female,75 years and over,156,20
12/01/2021,2020,Bachelor�s degree or more,Unknown,Male,0-24 years,1,0
12/01/2021,2020,Bachelor�s degree or more,Unknown,Male,25-39 years,8,0
12/01/2021,2020,Bachelor�s degree or more,Unknown,Male,40-54 years,32,3
12/01/2021,2020,Bachelor�s degree or more,Unknown,Male,55-64 years,34,8
12/01/2021,2020,Bachelor�s degree or more,Unknown,Male,65-74 years,67,11
12/01/2021,2020,Bachelor�s degree or more,Unknown,Male,75 years and over,164,31
12/01/2021,2020,High school graduate/GED or less,Hispanic,Female,0-24 years,3830,88
12/01/2021,2020,High school graduate/GED or less,Hispanic,Female,25-39 years,3438,458
12/01/2021,2020,High school graduate/GED or less,Hispanic,Female,40-54 years,8079,1791
12/01/2021,2020,High school graduate/GED or less,Hispanic,Female,55-64 years,11689,3212
12/01/2021,2020,High school graduate/GED or less,Hispanic,Female,65-74 years,17234,4853
12/01/2021,2020,High school graduate/GED or less,Hispanic,Female,75 years and over,56320,10618
12/01/2021,2020,High school graduate/GED or less,Hispanic,Male,0-24 years,8132,160
12/01/2021,2020,High school graduate/GED or less,Hispanic,Male,25-39 years,11528,1236
12/01/2021,2020,High school graduate/GED or less,Hispanic,Male,40-54 years,20337,5518
12/01/2021,2020,High school graduate/GED or less,Hispanic,Male,55-64 years,23492,7175
12/01/2021,2020,High school graduate/GED or less,Hispanic,Male,65-74 years,25487,8458
12/01/2021,2020,High school graduate/GED or less,Hispanic,Male,75 years and over,44830,11440
12/01/2021,2020,High school graduate/GED or less,Non-Hispanic American Indian or Alaska Native,Female,0-24 years,282,4
12/01/2021,2020,High school graduate/GED or less,Non-Hispanic American Indian or Alaska Native,Female,25-39 years,696,74
12/01/2021,2020,High school graduate/GED or less,Non-Hispanic American Indian or Alaska Native,Female,40-54 years,942,146
12/01/2021,2020,High school graduate/GED or less,Non-Hispanic American Indian or Alaska Native,Female,55-64 years,1220,242
12/01/2021,2020,High school graduate/GED or less,Non-Hispanic American Indian or Alaska Native,Female,65-74 years,1287,302
12/01/2021,2020,High school graduate/GED or less,Non-Hispanic American Indian or Alaska Native,Female,75 years and over,2950,560
12/01/2021,2020,High school graduate/GED or less,Non-Hispanic American Indian or Alaska Native,Male,0-24 years,526,15
12/01/2021,2020,High school graduate/GED or less,Non-Hispanic American Indian or Alaska Native,Male,25-39 years,1204,107
12/01/2021,2020,High school graduate/GED or less,Non-Hispanic American Indian or Alaska Native,Male,40-54 years,1597,245
12/01/2021,2020,High school graduate/GED or less,Non-Hispanic American Indian or Alaska Native,Male,55-64 years,1870,340
12/01/2021,2020,High school graduate/GED or less,Non-Hispanic American Indian or Alaska Native,Male,65-74 years,1763,405
12/01/2021,2020,High school graduate/GED or less,Non-Hispanic American Indian or Alaska Native,Male,75 years and over,2320,543
12/01/2021,2020,High school graduate/GED or less,Non-Hispanic Asian,Female,0-24 years,485,4
12/01/2021,2020,High school graduate/GED or less,Non-Hispanic Asian,Female,25-39 years,253,30
12/01/2021,2020,High school graduate/GED or less,Non-Hispanic Asian,Female,40-54 years,928,117
12/01/2021,2020,High school graduate/GED or less,Non-Hispanic Asian,Female,55-64 years,1696,212
12/01/2021,2020,High school graduate/GED or less,Non-Hispanic Asian,Female,65-74 years,3618,601
12/01/2021,2020,High school graduate/GED or less,Non-Hispanic Asian,Female,75 years and over,18995,2521
12/01/2021,2020,High school graduate/GED or less,Non-Hispanic Asian,Male,0-24 years,692,9
12/01/2021,2020,High school graduate/GED or less,Non-Hispanic Asian,Male,25-39 years,801,61
12/01/2021,2020,High school graduate/GED or less,Non-Hispanic Asian,Male,40-54 years,1712,242
12/01/2021,2020,High school graduate/GED or less,Non-Hispanic Asian,Male,55-64 years,2862,503
12/01/2021,2020,High school graduate/GED or less,Non-Hispanic Asian,Male,65-74 years,4078,886
12/01/2021,2020,High school graduate/GED or less,Non-Hispanic Asian,Male,75 years and over,10647,1782
12/01/2021,2020,High school graduate/GED or less,Non-Hispanic Black,Female,0-24 years,4710,64
12/01/2021,2020,High school graduate/GED or less,Non-Hispanic Black,Female,25-39 years,5033,299
12/01/2021,2020,High school graduate/GED or less,Non-Hispanic Black,Female,40-54 years,11440,1246
12/01/2021,2020,High school graduate/GED or less,Non-Hispanic Black,Female,55-64 years,19507,2661
12/01/2021,2020,High school graduate/GED or less,Non-Hispanic Black,Female,65-74 years,26399,4328
12/01/2021,2020,High school graduate/GED or less,Non-Hispanic Black,Female,75 years and over,69323,10784
12/01/2021,2020,High school graduate/GED or less,Non-Hispanic Black,Male,0-24 years,10252,91
12/01/2021,2020,High school graduate/GED or less,Non-Hispanic Black,Male,25-39 years,13416,494
12/01/2021,2020,High school graduate/GED or less,Non-Hispanic Black,Male,40-54 years,21081,2029
12/01/2021,2020,High school graduate/GED or less,Non-Hispanic Black,Male,55-64 years,34330,4174
12/01/2021,2020,High school graduate/GED or less,Non-Hispanic Black,Male,65-74 years,38150,6333
12/01/2021,2020,High school graduate/GED or less,Non-Hispanic Black,Male,75 years and over,49907,9235
12/01/2021,2020,High school graduate/GED or less,Non-Hispanic More than one race,Female,0-24 years,517,2
12/01/2021,2020,High school graduate/GED or less,Non-Hispanic More than one race,Female,25-39 years,279,3
12/01/2021,2020,High school graduate/GED or less,Non-Hispanic More than one race,Female,40-54 years,352,11
12/01/2021,2020,High school graduate/GED or less,Non-Hispanic More than one race,Female,55-64 years,570,39
12/01/2021,2020,High school graduate/GED or less,Non-Hispanic More than one race,Female,65-74 years,677,77
12/01/2021,2020,High school graduate/GED or less,Non-Hispanic More than one race,Female,75 years and over,1709,166
12/01/2021,2020,High school graduate/GED or less,Non-Hispanic More than one race,Male,0-24 years,898,3
12/01/2021,2020,High school graduate/GED or less,Non-Hispanic More than one race,Male,25-39 years,672,13
12/01/2021,2020,High school graduate/GED or less,Non-Hispanic More than one race,Male,40-54 years,712,36
12/01/2021,2020,High school graduate/GED or less,Non-Hispanic More than one race,Male,55-64 years,825,57
12/01/2021,2020,High school graduate/GED or less,Non-Hispanic More than one race,Male,65-74 years,779,79
12/01/2021,2020,High school graduate/GED or less,Non-Hispanic More than one race,Male,75 years and over,1232,142
12/01/2021,2020,High school graduate/GED or less,Non-Hispanic Native Hawaiian or Other Pacific Islande,Female,0-24 years,57,3
12/01/2021,2020,High school graduate/GED or less,Non-Hispanic Native Hawaiian or Other Pacific Islande,Female,25-39 years,76,13
12/01/2021,2020,High school graduate/GED or less,Non-Hispanic Native Hawaiian or Other Pacific Islande,Female,40-54 years,191,30
12/01/2021,2020,High school graduate/GED or less,Non-Hispanic Native Hawaiian or Other Pacific Islande,Female,55-64 years,251,37
12/01/2021,2020,High school graduate/GED or less,Non-Hispanic Native Hawaiian or Other Pacific Islande,Female,65-74 years,288,44
12/01/2021,2020,High school graduate/GED or less,Non-Hispanic Native Hawaiian or Other Pacific Islande,Female,75 years and over,476,50
12/01/2021,2020,High school graduate/GED or less,Non-Hispanic Native Hawaiian or Other Pacific Islande,Male,0-24 years,101,6
12/01/2021,2020,High school graduate/GED or less,Non-Hispanic Native Hawaiian or Other Pacific Islande,Male,25-39 years,154,12
12/01/2021,2020,High school graduate/GED or less,Non-Hispanic Native Hawaiian or Other Pacific Islande,Male,40-54 years,319,65
12/01/2021,2020,High school graduate/GED or less,Non-Hispanic Native Hawaiian or Other Pacific Islande,Male,55-64 years,358,78
12/01/2021,2020,High school graduate/GED or less,Non-Hispanic Native Hawaiian or Other Pacific Islande,Male,65-74 years,352,71
12/01/2021,2020,High school graduate/GED or less,Non-Hispanic Native Hawaiian or Other Pacific Islande,Male,75 years and over,378,55
12/01/2021,2020,High school graduate/GED or less,Non-Hispanic White,Female,0-24 years,7954,60
12/01/2021,2020,High school graduate/GED or less,Non-Hispanic White,Female,25-39 years,12306,252
12/01/2021,2020,High school graduate/GED or less,Non-Hispanic White,Female,40-54 years,29418,1203
12/01/2021,2020,High school graduate/GED or less,Non-Hispanic White,Female,55-64 years,64313,3967
12/01/2021,2020,High school graduate/GED or less,Non-Hispanic White,Female,65-74 years,112293,10175
12/01/2021,2020,High school graduate/GED or less,Non-Hispanic White,Female,75 years and over,530470,59483
12/01/2021,2020,High school graduate/GED or less,Non-Hispanic White,Male,0-24 years,15075,81
12/01/2021,2020,High school graduate/GED or less,Non-Hispanic White,Male,25-39 years,29339,418
12/01/2021,2020,High school graduate/GED or less,Non-Hispanic White,Male,40-54 years,56285,2174
12/01/2021,2020,High school graduate/GED or less,Non-Hispanic White,Male,55-64 years,113902,6947
12/01/2021,2020,High school graduate/GED or less,Non-Hispanic White,Male,65-74 years,147237,14439
12/01/2021,2020,High school graduate/GED or less,Non-Hispanic White,Male,75 years and over,359166,45510
12/01/2021,2020,High school graduate/GED or less,Unknown,Female,0-24 years,86,1
12/01/2021,2020,High school graduate/GED or less,Unknown,Female,25-39 years,27,2
12/01/2021,2020,High school graduate/GED or less,Unknown,Female,40-54 years,73,10
12/01/2021,2020,High school graduate/GED or less,Unknown,Female,55-64 years,116,21
12/01/2021,2020,High school graduate/GED or less,Unknown,Female,65-74 years,164,34
12/01/2021,2020,High school graduate/GED or less,Unknown,Female,75 years and over,490,81
12/01/2021,2020,High school graduate/GED or less,Unknown,Male,0-24 years,113,2
12/01/2021,2020,High school graduate/GED or less,Unknown,Male,25-39 years,78,5
12/01/2021,2020,High school graduate/GED or less,Unknown,Male,40-54 years,141,17
12/01/2021,2020,High school graduate/GED or less,Unknown,Male,55-64 years,251,37
12/01/2021,2020,High school graduate/GED or less,Unknown,Male,65-74 years,271,50
12/01/2021,2020,High school graduate/GED or less,Unknown,Male,75 years and over,402,74
12/01/2021,2020,Unknown,Hispanic,Female,0-24 years,241,1
12/01/2021,2020,Unknown,Hispanic,Female,25-39 years,71,11
12/01/2021,2020,Unknown,Hispanic,Female,40-54 years,240,61
12/01/2021,2020,Unknown,Hispanic,Female,55-64 years,419,125
12/01/2021,2020,Unknown,Hispanic,Female,65-74 years,551,185
12/01/2021,2020,Unknown,Hispanic,Female,75 years and over,1710,430
12/01/2021,2020,Unknown,Hispanic,Male,0-24 years,363,4
12/01/2021,2020,Unknown,Hispanic,Male,25-39 years,313,42
12/01/2021,2020,Unknown,Hispanic,Male,40-54 years,869,232
12/01/2021,2020,Unknown,Hispanic,Male,55-64 years,1265,366
12/01/2021,2020,Unknown,Hispanic,Male,65-74 years,1422,453
12/01/2021,2020,Unknown,Hispanic,Male,75 years and over,1957,613
12/01/2021,2020,Unknown,Non-Hispanic American Indian or Alaska Native,Female,0-24 years,26,0
12/01/2021,2020,Unknown,Non-Hispanic American Indian or Alaska Native,Female,25-39 years,10,2
12/01/2021,2020,Unknown,Non-Hispanic American Indian or Alaska Native,Female,40-54 years,19,1
12/01/2021,2020,Unknown,Non-Hispanic American Indian or Alaska Native,Female,55-64 years,23,4
12/01/2021,2020,Unknown,Non-Hispanic American Indian or Alaska Native,Female,65-74 years,30,5
12/01/2021,2020,Unknown,Non-Hispanic American Indian or Alaska Native,Female,75 years and over,85,17
12/01/2021,2020,Unknown,Non-Hispanic American Indian or Alaska Native,Male,0-24 years,21,0
12/01/2021,2020,Unknown,Non-Hispanic American Indian or Alaska Native,Male,25-39 years,14,1
12/01/2021,2020,Unknown,Non-Hispanic American Indian or Alaska Native,Male,40-54 years,28,5
12/01/2021,2020,Unknown,Non-Hispanic American Indian or Alaska Native,Male,55-64 years,53,11
12/01/2021,2020,Unknown,Non-Hispanic American Indian or Alaska Native,Male,65-74 years,49,12
12/01/2021,2020,Unknown,Non-Hispanic American Indian or Alaska Native,Male,75 years and over,74,27
12/01/2021,2020,Unknown,Non-Hispanic Asian,Female,0-24 years,28,1
12/01/2021,2020,Unknown,Non-Hispanic Asian,Female,25-39 years,9,1
12/01/2021,2020,Unknown,Non-Hispanic Asian,Female,40-54 years,42,4
12/01/2021,2020,Unknown,Non-Hispanic Asian,Female,55-64 years,102,18
12/01/2021,2020,Unknown,Non-Hispanic Asian,Female,65-74 years,219,41
12/01/2021,2020,Unknown,Non-Hispanic Asian,Female,75 years and over,908,163
12/01/2021,2020,Unknown,Non-Hispanic Asian,Male,0-24 years,34,0
12/01/2021,2020,Unknown,Non-Hispanic Asian,Male,25-39 years,18,1
12/01/2021,2020,Unknown,Non-Hispanic Asian,Male,40-54 years,115,17
12/01/2021,2020,Unknown,Non-Hispanic Asian,Male,55-64 years,237,52
12/01/2021,2020,Unknown,Non-Hispanic Asian,Male,65-74 years,308,85
12/01/2021,2020,Unknown,Non-Hispanic Asian,Male,75 years and over,512,121
12/01/2021,2020,Unknown,Non-Hispanic Black,Female,0-24 years,314,2
12/01/2021,2020,Unknown,Non-Hispanic Black,Female,25-39 years,99,10
12/01/2021,2020,Unknown,Non-Hispanic Black,Female,40-54 years,296,28
12/01/2021,2020,Unknown,Non-Hispanic Black,Female,55-64 years,571,78
12/01/2021,2020,Unknown,Non-Hispanic Black,Female,65-74 years,734,134
12/01/2021,2020,Unknown,Non-Hispanic Black,Female,75 years and over,1746,338
12/01/2021,2020,Unknown,Non-Hispanic Black,Male,0-24 years,385,2
12/01/2021,2020,Unknown,Non-Hispanic Black,Male,25-39 years,199,10
12/01/2021,2020,Unknown,Non-Hispanic Black,Male,40-54 years,703,71
12/01/2021,2020,Unknown,Non-Hispanic Black,Male,55-64 years,1578,223
12/01/2021,2020,Unknown,Non-Hispanic Black,Male,65-74 years,2070,408
12/01/2021,2020,Unknown,Non-Hispanic Black,Male,75 years and over,1948,472
12/01/2021,2020,Unknown,Non-Hispanic More than one race,Female,0-24 years,35,0
12/01/2021,2020,Unknown,Non-Hispanic More than one race,Female,25-39 years,4,0
12/01/2021,2020,Unknown,Non-Hispanic More than one race,Female,40-54 years,7,1
12/01/2021,2020,Unknown,Non-Hispanic More than one race,Female,55-64 years,12,1
12/01/2021,2020,Unknown,Non-Hispanic More than one race,Female,65-74 years,13,3
12/01/2021,2020,Unknown,Non-Hispanic More than one race,Female,75 years and over,49,9
12/01/2021,2020,Unknown,Non-Hispanic More than one race,Male,0-24 years,55,1
12/01/2021,2020,Unknown,Non-Hispanic More than one race,Male,25-39 years,5,0
12/01/2021,2020,Unknown,Non-Hispanic More than one race,Male,40-54 years,10,0
12/01/2021,2020,Unknown,Non-Hispanic More than one race,Male,55-64 years,18,2
12/01/2021,2020,Unknown,Non-Hispanic More than one race,Male,65-74 years,25,5
12/01/2021,2020,Unknown,Non-Hispanic More than one race,Male,75 years and over,37,9
12/01/2021,2020,Unknown,Non-Hispanic Native Hawaiian or Other Pacific Islande,Female,0-24 years,1,0
12/01/2021,2020,Unknown,Non-Hispanic Native Hawaiian or Other Pacific Islande,Female,25-39 years,0,0
12/01/2021,2020,Unknown,Non-Hispanic Native Hawaiian or Other Pacific Islande,Female,40-54 years,7,1
12/01/2021,2020,Unknown,Non-Hispanic Native Hawaiian or Other Pacific Islande,Female,55-64 years,7,3
12/01/2021,2020,Unknown,Non-Hispanic Native Hawaiian or Other Pacific Islande,Female,65-74 years,9,3
12/01/2021,2020,Unknown,Non-Hispanic Native Hawaiian or Other Pacific Islande,Female,75 years and over,19,6
12/01/2021,2020,Unknown,Non-Hispanic Native Hawaiian or Other Pacific Islande,Male,0-24 years,7,0
12/01/2021,2020,Unknown,Non-Hispanic Native Hawaiian or Other Pacific Islande,Male,25-39 years,6,2
12/01/2021,2020,Unknown,Non-Hispanic Native Hawaiian or Other Pacific Islande,Male,40-54 years,9,1
12/01/2021,2020,Unknown,Non-Hispanic Native Hawaiian or Other Pacific Islande,Male,55-64 years,10,2
12/01/2021,2020,Unknown,Non-Hispanic Native Hawaiian or Other Pacific Islande,Male,65-74 years,7,1
12/01/2021,2020,Unknown,Non-Hispanic Native Hawaiian or Other Pacific Islande,Male,75 years and over,18,8
12/01/2021,2020,Unknown,Non-Hispanic White,Female,0-24 years,533,2
12/01/2021,2020,Unknown,Non-Hispanic White,Female,25-39 years,206,6
12/01/2021,2020,Unknown,Non-Hispanic White,Female,40-54 years,835,44
12/01/2021,2020,Unknown,Non-Hispanic White,Female,55-64 years,1984,168
12/01/2021,2020,Unknown,Non-Hispanic White,Female,65-74 years,3062,370
12/01/2021,2020,Unknown,Non-Hispanic White,Female,75 years and over,7847,1139
12/01/2021,2020,Unknown,Non-Hispanic White,Male,0-24 years,710,2
12/01/2021,2020,Unknown,Non-Hispanic White,Male,25-39 years,444,15
12/01/2021,2020,Unknown,Non-Hispanic White,Male,40-54 years,1901,104
12/01/2021,2020,Unknown,Non-Hispanic White,Male,55-64 years,4886,408
12/01/2021,2020,Unknown,Non-Hispanic White,Male,65-74 years,6654,825
12/01/2021,2020,Unknown,Non-Hispanic White,Male,75 years and over,7869,1330
12/01/2021,2020,Unknown,Unknown,Female,0-24 years,23,0
12/01/2021,2020,Unknown,Unknown,Female,25-39 years,33,2
12/01/2021,2020,Unknown,Unknown,Female,40-54 years,141,13
12/01/2021,2020,Unknown,Unknown,Female,55-64 years,276,26
12/01/2021,2020,Unknown,Unknown,Female,65-74 years,451,89
12/01/2021,2020,Unknown,Unknown,Female,75 years and over,647,173
12/01/2021,2020,Unknown,Unknown,Male,0-24 years,42,0
12/01/2021,2020,Unknown,Unknown,Male,25-39 years,82,9
12/01/2021,2020,Unknown,Unknown,Male,40-54 years,377,40
12/01/2021,2020,Unknown,Unknown,Male,55-64 years,1002,130
12/01/2021,2020,Unknown,Unknown,Male,65-74 years,1298,241
12/01/2021,2020,Unknown,Unknown,Male,75 years and over,1125,334
